{
  "auc_by_model": {
    "logreg": 0.760294618751802,
    "rf": 0.7074781788157585,
    "gb": 0.7341878325600901
  },
  "best_model": "logreg",
  "best_auc": 0.760294618751802
}