feature,importance
chol,0.08100000000000003
thalach,0.03700000000000003
exang,0.030000000000000016
age,0.016250000000000032
trestbps,0.016000000000000014
oldpeak,0.015750000000000007
cp,0.005000000000000027
slope,0.0040000000000000365
restecg,0.0035000000000000365
fbs,0.0015000000000000347
thal,1.1102230246251566e-17
sex,0.0
ca,-0.00249999999999998
